brumeor;no
anefólot;no
esforo;no
ojepse;si
sil;no
obul;no
churoza;no
médica;si
esqueno;no
veaja;no
aífergotuf;no
joiceo;no
airohanaz;si
ojorrec;si
anillo;si
orruj;no
ribus;si
elleup;no
otnienat;no
aguhcel;si
oñom;si
sal;si
guardia;si
clavel;si
ulit;no
ceremonia;si
rodrum;no
ojurrec;no
cleval;no
amabilidad;si
esfera;si
onofélet;si
asoesag;si
amobiludad;no
nóicanigami;si
chorizo;si
abol;si
regla;si
cartán;no
nárroj;no
esquina;si
acor;si
arraj;si
gaurdio;no
juicio;si
cartón;si
oeretilus;no
botuca;no
eña;no
barman;si
airotapaz;no
arruga;si
contur;no
bromear;si
rugle;no
núeog;no
alleap;si
uña;si
sabiduría;si
oiratilos;si
acav;si
hacha;si
anuter;no
nóiug;si
osurf;no
etneinet;si
ucov;no
bermon;no
añum;no
viaje;si
aola;no
robis;no
anreip;si
hucho;no
asoiseg;no
nóicunegimi;no
butaca;si
aífargotof;si
onreop;no
arragu;no
sabudaría;no
ejapse;no
ucar;no
senoirrag;no
enulla;no
cirumonea;no
ozuhcil;no
aserf;si
aula;si
redrom;si
anotar;si
alet;si
nórraj;si
mídeco;no
senoirrog;si
cantar;si